title,price,date
Smoke and Ashes: A Writer’s Journey through Opium’s Hidden Histories,573.00,2023-07-21
,,2023-07-21
,,2023-07-21
,,2023-07-21
,,2023-07-21
,,2023-07-21
,,2023-07-21
,,2023-07-21
,,2023-07-21
,,2023-07-21
,,2023-07-21
,,2023-07-21
,,2023-07-21
,,2023-07-21
,,2023-07-21
,,2023-07-21
,,2023-07-21
,,2023-07-21
,,2023-07-21
,,2023-07-21
,,2023-07-21
,,2023-07-21
,,2023-07-21
,,2023-07-21
,,2023-07-21
,,2023-07-21
,,2023-07-21
,,2023-07-21
Smoke and Ashes: A Writer’s Journey through Opium’s Hidden Histories,573.00,2023-07-21
,,2023-07-21
,,2023-07-21
,,2023-07-21
Smoke and Ashes: A Writer’s Journey through Opium’s Hidden Histories,573.0,2023-07-21
Smoke and Ashes: A Writer’s Journey through Opium’s Hidden Histories,573.0,2023-07-21
